7185342381041bd8b1c53da8a1fcfde1008bc805,DELETE,regular-file,public/img/01.jpg,130,
0fc446b26c05b54ed74158832ebe746c5fb52250,DELETE,regular-file,public/img/02.jpg,130,
9ec30b58e0e818fa2a0dab67b03f6df219174260,DELETE,regular-file,public/img/3.jpg,132,
ea84e1a70870e5529f20667d5277719c783caae9,DELETE,regular-file,public/img/300.jpg,130,
a61b93d50082e34a5da86151179d0a180b5dca21,DELETE,regular-file,public/img/motahary.jpg,130,
7185342381041bd8b1c53da8a1fcfde1008bc805,DELETE,regular-file,static/img/01.jpg,130,
0fc446b26c05b54ed74158832ebe746c5fb52250,DELETE,regular-file,static/img/02.jpg,130,
9ec30b58e0e818fa2a0dab67b03f6df219174260,DELETE,regular-file,static/img/3.jpg,132,
ea84e1a70870e5529f20667d5277719c783caae9,DELETE,regular-file,static/img/300.jpg,130,
a61b93d50082e34a5da86151179d0a180b5dca21,DELETE,regular-file,static/img/motahary.jpg,130,
9b58da5c7df7f6d1f47f8c61eabdbe28d08806e2,DELETE,regular-file,themes/notrack/exampleSite/static/img/fullsize/hugo1.jpg,132,
332031f2fea192f68754118ea5b8e086526878fb,DELETE,regular-file,themes/notrack/exampleSite/static/img/fullsize/hugo2.jpg,132,
2b99f0e140ea73e5a6b7a656fd4c1bf6a6233fb1,DELETE,regular-file,themes/notrack/exampleSite/static/img/fullsize/hugo3.jpg,132,
b5d5896d884216da2727d9aa40508ce56c726383,DELETE,regular-file,themes/notrack/exampleSite/static/img/fullsize/hugo4.jpg,132,
27617e6d234da8d06d2ed407847b10c5c600d891,DELETE,regular-file,themes/notrack/exampleSite/static/img/fullsize/hugo5.jpg,131,
50aa7c8d635e4c8b7578254f6b0e12d8c671731b,DELETE,regular-file,themes/notrack/exampleSite/static/img/hugo-portrait.jpg,130,
3aecc0fdc6fdca87a7be3c1cddc7f0674fb98777,DELETE,regular-file,themes/notrack/exampleSite/static/img/thumbnails/hugo1.jpg,130,
79529632609f18d69721c0a5d59108c822dfce98,DELETE,regular-file,themes/notrack/exampleSite/static/img/thumbnails/hugo2.jpg,130,
ee083ac86a59bab527f2f212f808a5319e8f1d7e,DELETE,regular-file,themes/notrack/exampleSite/static/img/thumbnails/hugo3.jpg,130,
6a0074894cc45f2ed6ec7417d234c2c18e736530,DELETE,regular-file,themes/notrack/exampleSite/static/img/thumbnails/hugo4.jpg,130,
04b5232a7a813efb1bc15768632bb8f4b10935c2,DELETE,regular-file,themes/notrack/exampleSite/static/img/thumbnails/hugo5.jpg,130,
9b58da5c7df7f6d1f47f8c61eabdbe28d08806e2,DELETE,regular-file,themes/notrack/exampleSite/themes/notrack/exampleSite/static/img/fullsize/hugo1.jpg,132,
332031f2fea192f68754118ea5b8e086526878fb,DELETE,regular-file,themes/notrack/exampleSite/themes/notrack/exampleSite/static/img/fullsize/hugo2.jpg,132,
2b99f0e140ea73e5a6b7a656fd4c1bf6a6233fb1,DELETE,regular-file,themes/notrack/exampleSite/themes/notrack/exampleSite/static/img/fullsize/hugo3.jpg,132,
b5d5896d884216da2727d9aa40508ce56c726383,DELETE,regular-file,themes/notrack/exampleSite/themes/notrack/exampleSite/static/img/fullsize/hugo4.jpg,132,
27617e6d234da8d06d2ed407847b10c5c600d891,DELETE,regular-file,themes/notrack/exampleSite/themes/notrack/exampleSite/static/img/fullsize/hugo5.jpg,131,
50aa7c8d635e4c8b7578254f6b0e12d8c671731b,DELETE,regular-file,themes/notrack/exampleSite/themes/notrack/exampleSite/static/img/hugo-portrait.jpg,130,
3aecc0fdc6fdca87a7be3c1cddc7f0674fb98777,DELETE,regular-file,themes/notrack/exampleSite/themes/notrack/exampleSite/static/img/thumbnails/hugo1.jpg,130,
79529632609f18d69721c0a5d59108c822dfce98,DELETE,regular-file,themes/notrack/exampleSite/themes/notrack/exampleSite/static/img/thumbnails/hugo2.jpg,130,
ee083ac86a59bab527f2f212f808a5319e8f1d7e,DELETE,regular-file,themes/notrack/exampleSite/themes/notrack/exampleSite/static/img/thumbnails/hugo3.jpg,130,
6a0074894cc45f2ed6ec7417d234c2c18e736530,DELETE,regular-file,themes/notrack/exampleSite/themes/notrack/exampleSite/static/img/thumbnails/hugo4.jpg,130,
04b5232a7a813efb1bc15768632bb8f4b10935c2,DELETE,regular-file,themes/notrack/exampleSite/themes/notrack/exampleSite/static/img/thumbnails/hugo5.jpg,130,
